Slug,Title,Logo,Main Image,Short Description,Project URL,Content,Sort Order
sample-saas-platform,TaskFlow Pro,/placeholder.svg?height=64&width=64&query=taskflow logo,/portfolio-images/saas-dashboard-1.jpg,AI-powered task management platform for teams,https://example.com,"<h3>Project Overview</h3><p>TaskFlow Pro is a comprehensive task management platform that leverages AI to help teams prioritize work and optimize productivity. Built with modern web technologies, it features real-time collaboration, intelligent task suggestions, and advanced analytics.</p><h3>Key Features</h3><ul><li>AI-powered task prioritization</li><li>Real-time team collaboration</li><li>Advanced project analytics</li><li>Custom workflow automation</li><li>Mobile-responsive design</li></ul><h3>Technologies Used</h3><p>This project was built using React, Node.js, PostgreSQL, and OpenAI's API for intelligent task suggestions. The platform handles over 10,000 active users and processes millions of tasks monthly.</p>",2024-01-15
ecommerce-marketplace,ShopConnect,/placeholder.svg?height=64&width=64&query=shopconnect logo,/portfolio-images/ecommerce-interface-1.jpg,Multi-vendor marketplace with AI recommendations,https://example.com,"<h3>Project Overview</h3><p>ShopConnect is a modern multi-vendor marketplace that connects buyers with sellers through an intuitive platform. The system features AI-powered product recommendations, advanced search capabilities, and seamless payment processing.</p><h3>Key Features</h3><ul><li>Multi-vendor management system</li><li>AI-powered product recommendations</li><li>Advanced search and filtering</li><li>Secure payment processing</li><li>Vendor analytics dashboard</li><li>Mobile app integration</li></ul><h3>Technical Implementation</h3><p>Built with Next.js, Stripe for payments, and a microservices architecture. The platform supports thousands of vendors and processes over $1M in transactions monthly.</p>",2024-01-10
ai-content-generator,ContentAI Studio,/placeholder.svg?height=64&width=64&query=contentai logo,/portfolio-images/ai-platform-1.jpg,AI-powered content creation platform for marketers,https://example.com,"<h3>Project Overview</h3><p>ContentAI Studio revolutionizes content creation by providing marketers with AI-powered tools to generate high-quality blog posts, social media content, and marketing copy in minutes rather than hours.</p><h3>Key Features</h3><ul><li>Multi-format content generation</li><li>Brand voice customization</li><li>SEO optimization tools</li><li>Content calendar integration</li><li>Team collaboration features</li><li>Performance analytics</li></ul><h3>Impact & Results</h3><p>The platform has helped over 500 marketing teams reduce content creation time by 70% while maintaining quality. Built with React, Python, and integrated with multiple AI models for optimal results.</p>",2024-01-05
fintech-dashboard,WealthTracker,/placeholder.svg?height=64&width=64&query=wealthtracker logo,/portfolio-images/fintech-dashboard-1.jpg,Personal finance management dashboard with investment tracking,https://example.com,"<h3>Project Overview</h3><p>WealthTracker is a comprehensive personal finance platform that helps users manage their investments, track expenses, and plan for financial goals. The platform aggregates data from multiple financial institutions to provide a unified view of users' financial health.</p><h3>Key Features</h3><ul><li>Multi-account aggregation</li><li>Investment portfolio tracking</li><li>Expense categorization and budgeting</li><li>Goal-based financial planning</li><li>Risk assessment tools</li><li>Secure bank-level encryption</li></ul><h3>Security & Compliance</h3><p>Built with security as a priority, featuring bank-level encryption, SOC 2 compliance, and integration with Plaid for secure financial data access. Serves over 50,000 users managing $2B+ in assets.</p>",2023-12-20
healthcare-platform,MedConnect,/placeholder.svg?height=64&width=64&query=medconnect logo,/portfolio-images/healthcare-platform-1.jpg,Telemedicine platform connecting patients with healthcare providers,https://example.com,"<h3>Project Overview</h3><p>MedConnect is a HIPAA-compliant telemedicine platform that enables seamless communication between patients and healthcare providers. The platform supports video consultations, prescription management, and electronic health records.</p><h3>Key Features</h3><ul><li>HD video consultations</li><li>Electronic health records (EHR)</li><li>Prescription management</li><li>Appointment scheduling</li><li>Insurance verification</li><li>Mobile app for patients</li></ul><h3>Compliance & Security</h3><p>Fully HIPAA-compliant with end-to-end encryption, audit trails, and secure data storage. The platform has facilitated over 100,000 consultations and serves 200+ healthcare providers across multiple states.</p>",2023-12-15
blockchain-analytics,CryptoInsights,/placeholder.svg?height=64&width=64&query=cryptoinsights logo,/portfolio-images/crypto-analytics-1.jpg,Blockchain analytics platform for cryptocurrency investors,https://example.com,"<h3>Project Overview</h3><p>CryptoInsights provides institutional-grade blockchain analytics and cryptocurrency market intelligence. The platform processes millions of transactions daily to provide actionable insights for investors and traders.</p><h3>Key Features</h3><ul><li>Real-time blockchain data analysis</li><li>Portfolio tracking and optimization</li><li>Market sentiment analysis</li><li>Risk assessment tools</li><li>Custom alert system</li><li>API for institutional clients</li></ul><h3>Technical Architecture</h3><p>Built with a microservices architecture using Node.js, Redis for caching, and PostgreSQL for data storage. The platform processes over 10TB of blockchain data daily and serves both retail and institutional clients.</p>",2023-12-01
